Image,Cluster
imagen1,1
imagen2,2
imagen3,3
imagen4,2
imagen5,1
imagen6,3
imagen7,2
imagen8,3
imagen9,2
imagen10,2
imagen11,0
imagen12,2
imagen13,1
imagen14,3
imagen15,2
imagen16,3
imagen17,0
imagen18,0
imagen19,0
imagen20,1
imagen21,2
imagen22,2
imagen23,2
imagen24,1
imagen25,1
imagen26,0
imagen27,0
imagen28,3
imagen29,2
imagen30,3
imagen31,1
imagen32,1
imagen33,0
imagen34,3
imagen35,3
imagen36,2
imagen37,1
imagen38,3
imagen39,1
imagen40,2
imagen41,2
imagen42,0
imagen43,1
imagen44,2
imagen45,3
imagen46,3
imagen47,0
imagen48,2
imagen49,1
imagen50,1
imagen51,2
imagen52,3
imagen53,2
imagen54,1
imagen55,3
imagen56,2
imagen57,2
imagen58,0
imagen59,2
imagen60,1
imagen61,0
imagen62,2
imagen63,2
imagen64,2
imagen65,2
imagen66,2
imagen67,3
imagen68,2
imagen69,1
imagen70,3
imagen71,2
imagen72,0
imagen73,3
imagen74,0
imagen75,2
imagen76,3
imagen77,2
imagen78,0
imagen79,3
imagen80,2
imagen81,2
imagen82,0
imagen83,2
imagen84,1
imagen85,1
imagen86,1
imagen87,0
imagen88,0
imagen89,1
imagen90,0
imagen91,0
imagen92,0
imagen93,3
imagen94,0
imagen95,2
imagen96,2
imagen97,2
imagen98,3
imagen99,3
imagen100,1
imagen101,3
imagen102,3
imagen103,2
imagen104,0
imagen105,2
imagen106,3
imagen107,3
imagen108,3
imagen109,2
imagen110,2
imagen111,2
imagen112,1
imagen113,3
imagen114,2
imagen115,2
imagen116,3
imagen117,2
imagen118,3
imagen119,1
imagen120,3
imagen121,2
imagen122,2
imagen123,3
imagen124,3
imagen125,0
imagen126,2
imagen127,3
imagen128,3
imagen129,1
imagen130,1
imagen131,3
imagen132,0
imagen133,3
imagen134,1
imagen135,1
imagen136,0
imagen137,2
imagen138,2
imagen139,2
imagen140,2
imagen141,2
imagen142,0
imagen143,3
imagen144,3
imagen145,0
imagen146,1
imagen147,2
imagen148,0
imagen149,2
imagen150,1
imagen151,1
imagen152,2
imagen153,1
imagen154,3
imagen155,1
imagen156,2
imagen157,3
imagen158,0
imagen159,1
imagen160,1
imagen161,1
imagen162,2
imagen163,2
imagen164,3
imagen165,2
imagen166,3
imagen167,3
imagen168,1
imagen169,2
imagen170,2
imagen171,1
imagen172,0
imagen173,1
imagen174,0
imagen175,2
imagen176,3
imagen177,0
imagen178,3
imagen179,3
imagen180,3
imagen181,0
imagen182,3
imagen183,3
imagen184,0
imagen185,2
imagen186,3
imagen187,3
imagen188,2
imagen189,3
imagen190,1
imagen191,2
imagen192,2
imagen193,2
imagen194,0
imagen195,3
imagen196,2
imagen197,0
imagen198,3
imagen199,3
imagen200,2
imagen201,0
imagen202,3
imagen203,1
imagen204,2
imagen205,2
imagen206,2
imagen207,0
imagen208,2
imagen209,3
imagen210,2
imagen211,0
imagen212,2
imagen213,0
imagen214,3
imagen215,2
imagen216,0
imagen217,3
imagen218,2
imagen219,2
imagen220,2
imagen221,1
imagen222,3
imagen223,0
imagen224,0
imagen225,0
imagen226,2
imagen227,1
imagen228,0
imagen229,1
imagen230,0
imagen231,3
imagen232,3
imagen233,3
imagen234,3
imagen235,3
imagen236,2
imagen237,2
imagen238,3
imagen239,0
imagen240,2
imagen241,1
imagen242,0
imagen243,2
imagen244,3
imagen245,2
imagen246,3
imagen247,0
imagen248,2
imagen249,1
imagen250,2
imagen251,2
imagen252,2
imagen253,3
imagen254,1
imagen255,3
imagen256,2
imagen257,2
imagen258,2
imagen259,1
imagen260,1
imagen261,1
imagen262,2
imagen263,1
imagen264,3
imagen265,3
imagen266,0
imagen267,3
imagen268,3
imagen269,3
imagen270,0
imagen271,3
imagen272,3
imagen273,1
imagen274,2
imagen275,2
imagen276,3
imagen277,3
imagen278,0
imagen279,3
imagen280,1
imagen281,1
imagen282,1
imagen283,2
imagen284,3
imagen285,2
imagen286,2
imagen287,2
imagen288,0
imagen289,3
imagen290,2
imagen291,3
imagen292,3
imagen293,0
imagen294,0
imagen295,2
imagen296,2
imagen297,3
imagen298,0
imagen299,2
imagen300,2
imagen301,1
imagen302,2
imagen303,3
imagen304,3
imagen305,0
imagen306,1
imagen307,1
imagen308,3
imagen309,2
imagen310,0
imagen311,2
imagen312,1
imagen313,2
imagen314,3
imagen315,0
imagen316,2
imagen317,2
imagen318,0
imagen319,0
imagen320,1
imagen321,3
imagen322,1
imagen323,1
imagen324,0
imagen325,1
imagen326,0
imagen327,1
imagen328,3
imagen329,3
imagen330,3
imagen331,1
imagen332,2
imagen333,3
imagen334,0
imagen335,0
imagen336,0
imagen337,0
imagen338,3
imagen339,2
imagen340,3
imagen341,2
imagen342,2
imagen343,0
imagen344,0
imagen345,0
imagen346,0
imagen347,3
imagen348,3
imagen349,0
imagen350,2
imagen351,0
imagen352,0
imagen353,3
imagen354,1
imagen355,3
imagen356,2
imagen357,2
imagen358,3
imagen359,2
imagen360,0
imagen361,0
imagen362,0
imagen363,0
imagen364,2
imagen365,3
imagen366,1
imagen367,3
imagen368,0
imagen369,3
imagen370,2
imagen371,1
imagen372,0
imagen373,2
imagen374,1
imagen375,3
imagen376,2
imagen377,2
imagen378,0
imagen379,2
imagen380,2
imagen381,2
imagen382,3
imagen383,3
imagen384,2
imagen385,3
imagen386,0
imagen387,3
imagen388,3
imagen389,2
imagen390,2
imagen391,0
imagen392,1
imagen393,2
imagen394,2
imagen395,1
imagen396,3
imagen397,3
imagen398,1
imagen399,2
imagen400,0
imagen401,1
imagen402,0
imagen403,3
imagen404,0
imagen405,0
imagen406,2
imagen407,1
imagen408,1
imagen409,3
imagen410,0
imagen411,2
imagen412,2
imagen413,1
imagen414,1
imagen415,0
imagen416,3
imagen417,2
imagen418,2
imagen419,3
imagen420,1
imagen421,2
imagen422,1
imagen423,1
imagen424,1
imagen425,1
imagen426,0
imagen427,3
imagen428,1
imagen429,0
imagen430,3
imagen431,2
imagen432,2
imagen433,3
imagen434,1
imagen435,3
imagen436,0
imagen437,3
imagen438,3
imagen439,3
imagen440,1
imagen441,2
imagen442,3
imagen443,1
imagen444,3
imagen445,3
imagen446,2
imagen447,1
imagen448,3
imagen449,2
imagen450,0
imagen451,2
imagen452,3
imagen453,3
imagen454,3
imagen455,2
imagen456,0
imagen457,2
imagen458,2
imagen459,2
imagen460,0
imagen461,2
imagen462,0
imagen463,2
imagen464,2
imagen465,2
imagen466,0
imagen467,3
imagen468,3
imagen469,2
imagen470,2
imagen471,3
imagen472,0
imagen473,3
imagen474,3
imagen475,2
imagen476,3
imagen477,3
imagen478,3
imagen479,2
imagen480,2
imagen481,2
imagen482,0
imagen483,2
imagen484,3
imagen485,0
imagen486,3
imagen487,3
imagen488,1
imagen489,2
imagen490,2
imagen491,0
imagen492,0
imagen493,1
imagen494,3
imagen495,2
imagen496,3
imagen497,2
imagen498,3
imagen499,1
imagen500,3
imagen501,0
imagen502,2
imagen503,1
imagen504,2
imagen505,2
imagen506,1
imagen507,0
imagen508,0
imagen509,2
imagen510,3
imagen511,3
imagen512,1
imagen513,1
imagen514,0
imagen515,0
imagen516,3
imagen517,3
imagen518,0
imagen519,2
imagen520,0
imagen521,0
imagen522,3
imagen523,1
imagen524,3
imagen525,0
imagen526,2
imagen527,3
imagen528,2
imagen529,3
imagen530,3
imagen531,1
imagen532,2
imagen533,2
imagen534,1
imagen535,1
imagen536,2
imagen537,3
imagen538,0
imagen539,2
imagen540,2
imagen541,2
imagen542,1
imagen543,1
imagen544,3
imagen545,2
imagen546,2
imagen547,2
imagen548,1
imagen549,0
imagen550,0
imagen551,3
imagen552,2
imagen553,2
imagen554,0
imagen555,2
imagen556,2
imagen557,0
imagen558,0
imagen559,3
imagen560,1
imagen561,3
imagen562,0
imagen563,0
imagen564,2
imagen565,2
imagen566,2
imagen567,3
imagen568,2
imagen569,2
imagen570,2
imagen571,2
imagen572,2
imagen573,0
imagen574,3
imagen575,1
imagen576,2
imagen577,1
imagen578,3
imagen579,1
imagen580,1
imagen581,1
imagen582,2
imagen583,3
imagen584,1
imagen585,2
imagen586,0
imagen587,0
imagen588,1
imagen589,2
imagen590,3
imagen591,2
imagen592,3
imagen593,2
imagen594,3
imagen595,1
imagen596,2
imagen597,1
imagen598,2
imagen599,3
imagen600,2
imagen601,3
imagen602,2
imagen603,3
imagen604,3
imagen605,2
imagen606,0
imagen607,0
imagen608,2
imagen609,3
imagen610,2
imagen611,2
imagen612,2
imagen613,2
imagen614,2
imagen615,3
imagen616,2
imagen617,1
imagen618,2
imagen619,0
imagen620,0
imagen621,1
imagen622,0
imagen623,1
imagen624,1
imagen625,1
imagen626,0
imagen627,2
imagen628,3
imagen629,1
imagen630,2
imagen631,2
imagen632,2
imagen633,2
imagen634,2
imagen635,0
imagen636,3
imagen637,2
imagen638,2
imagen639,3
imagen640,0
imagen641,3
imagen642,2
imagen643,1
imagen644,2
imagen645,2
imagen646,1
imagen647,0
imagen648,2
imagen649,1
imagen650,0
imagen651,1
imagen652,0
imagen653,2
imagen654,3
imagen655,2
imagen656,2
imagen657,3
imagen658,2
imagen659,2
imagen660,1
imagen661,3
imagen662,1
imagen663,2
imagen664,2
imagen665,3
imagen666,1
imagen667,3
imagen668,0
imagen669,0
imagen670,0
imagen671,3
imagen672,2
imagen673,0
imagen674,0
imagen675,0
imagen676,3
imagen677,3
imagen678,2
imagen679,3
imagen680,1
imagen681,2
imagen682,3
imagen683,3
imagen684,0
imagen685,1
imagen686,2
imagen687,0
imagen688,3
imagen689,3
imagen690,0
imagen691,2
imagen692,1
imagen693,1
imagen694,0
imagen695,0
imagen696,3
imagen697,1
imagen698,3
imagen699,2
imagen700,2
imagen701,3
imagen702,0
imagen703,0
imagen704,0
imagen705,2
imagen706,2
imagen707,3
imagen708,0
imagen709,1
imagen710,3
imagen711,1
imagen712,1
imagen713,2
imagen714,1
imagen715,0
imagen716,2
imagen717,3
imagen718,1
imagen719,1
imagen720,3
imagen721,0
imagen722,2
imagen723,2
imagen724,2
imagen725,3
imagen726,0
imagen727,2
imagen728,2
imagen729,3
imagen730,1
imagen731,3
imagen732,2
imagen733,1
imagen734,3
imagen735,3
imagen736,2
imagen737,3
imagen738,2
imagen739,2
imagen740,1
imagen741,2
imagen742,3
imagen743,2
imagen744,0
imagen745,1
imagen746,3
imagen747,3
imagen748,2
imagen749,1
imagen750,3
imagen751,2
imagen752,1
imagen753,1
imagen754,1
imagen755,1
imagen756,0
imagen757,3
imagen758,3
imagen759,1
imagen760,1
imagen761,3
imagen762,0
imagen763,2
imagen764,1
imagen765,2
imagen766,3
imagen767,2
imagen768,0
imagen769,3
imagen770,2
imagen771,2
imagen772,2
imagen773,2
imagen774,2
imagen775,2
imagen776,2
imagen777,2
imagen778,3
imagen779,0
imagen780,2
imagen781,2
imagen782,2
imagen783,2
imagen784,2
imagen785,1
imagen786,3
imagen787,0
imagen788,1
imagen789,0
imagen790,1
imagen791,1
imagen792,2
imagen793,2
imagen794,1
imagen795,2
imagen796,0
imagen797,3
imagen798,1
imagen799,0
imagen800,1
imagen801,0
imagen802,2
imagen803,2
imagen804,0
imagen805,3
imagen806,1
imagen807,0
imagen808,3
imagen809,1
imagen810,2
imagen811,2
imagen812,0
imagen813,1
imagen814,2
imagen815,3
imagen816,0
imagen817,0
imagen818,3
imagen819,2
imagen820,2
imagen821,2
imagen822,3
imagen823,0
imagen824,2
imagen825,2
imagen826,2
imagen827,1
imagen828,3
imagen829,2
imagen830,2
imagen831,2
imagen832,0
imagen833,2
imagen834,0
imagen835,1
imagen836,2
imagen837,2
imagen838,1
imagen839,3
imagen840,1
imagen841,1
imagen842,2
imagen843,2
imagen844,3
imagen845,3
imagen846,1
imagen847,2
imagen848,3
imagen849,3
imagen850,2
imagen851,2
imagen852,1
imagen853,3
imagen854,2
imagen855,2
imagen856,0
imagen857,2
imagen858,1
imagen859,2
imagen860,2
imagen861,2
imagen862,0
imagen863,0
imagen864,2
imagen865,0
imagen866,2
imagen867,1
imagen868,0
imagen869,0
imagen870,2
imagen871,2
imagen872,2
imagen873,3
imagen874,1
imagen875,3
imagen876,0
imagen877,3
imagen878,1
imagen879,2
imagen880,0
imagen881,1
imagen882,2
imagen883,1
imagen884,2
imagen885,2
imagen886,1
imagen887,1
imagen888,3
imagen889,2
imagen890,2
imagen891,1
imagen892,0
imagen893,2
imagen894,1
imagen895,3
imagen896,2
imagen897,1
imagen898,3
imagen899,2
imagen900,1
imagen901,1
imagen902,1
imagen903,2
imagen904,0
imagen905,2
imagen906,3
imagen907,3
imagen908,3
imagen909,3
imagen910,3
imagen911,1
imagen912,0
imagen913,2
imagen914,0
imagen915,1
imagen916,3
imagen917,0
imagen918,1
imagen919,2
imagen920,2
imagen921,1
imagen922,3
imagen923,3
imagen924,1
imagen925,1
imagen926,0
imagen927,1
imagen928,1
imagen929,2
imagen930,3
imagen931,1
imagen932,1
imagen933,1
imagen934,2
imagen935,2
imagen936,3
imagen937,1
imagen938,1
imagen939,1
imagen940,0
imagen941,3
imagen942,2
imagen943,1
imagen944,0
imagen945,2
imagen946,2
imagen947,1
imagen948,1
imagen949,2
imagen950,0
imagen951,0
imagen952,0
imagen953,1
imagen954,0
imagen955,1
imagen956,2
imagen957,3
imagen958,0
imagen959,3
imagen960,0
imagen961,2
imagen962,3
imagen963,2
imagen964,2
imagen965,1
imagen966,2
imagen967,3
imagen968,3
imagen969,1
imagen970,2
imagen971,0
imagen972,1
imagen973,2
imagen974,3
imagen975,1
imagen976,0
imagen977,1
imagen978,3
imagen979,2
imagen980,0
imagen981,2
imagen982,3
imagen983,0
imagen984,2
imagen985,0
imagen986,2
imagen987,0
imagen988,1
imagen989,3
imagen990,1
imagen991,3
imagen992,2
imagen993,0
imagen994,2
imagen995,3
imagen996,3
imagen997,2
imagen998,2
imagen999,0
imagen1000,2
imagen1001,1
imagen1002,0
imagen1003,3
imagen1004,2
imagen1005,0
imagen1006,2
imagen1007,2
imagen1008,1
imagen1009,0
imagen1010,1
imagen1011,2
imagen1012,0
imagen1013,2
imagen1014,0
imagen1015,3
imagen1016,2
imagen1017,1
imagen1018,1
imagen1019,2
imagen1020,0
imagen1021,2
imagen1022,2
imagen1023,3
imagen1024,2
imagen1025,0
imagen1026,1
imagen1027,0
imagen1028,2
imagen1029,0
imagen1030,3
imagen1031,0
imagen1032,2
imagen1033,2
imagen1034,2
imagen1035,3
imagen1036,0
imagen1037,2
imagen1038,1
imagen1039,3
imagen1040,2
imagen1041,0
imagen1042,0
imagen1043,3
imagen1044,2
imagen1045,1
imagen1046,1
imagen1047,1
imagen1048,2
imagen1049,2
imagen1050,0
imagen1051,2
imagen1052,0
imagen1053,3
imagen1054,2
imagen1055,2
imagen1056,2
imagen1057,1
imagen1058,2
imagen1059,3
imagen1060,3
imagen1061,3
imagen1062,3
imagen1063,2
imagen1064,1
imagen1065,2
imagen1066,1
imagen1067,2
imagen1068,3
imagen1069,0
imagen1070,1
imagen1071,3
imagen1072,3
imagen1073,1
imagen1074,0
imagen1075,2
imagen1076,2
imagen1077,3
imagen1078,1
imagen1079,2
imagen1080,3
imagen1081,3
imagen1082,1
imagen1083,2
imagen1084,2
imagen1085,0
imagen1086,1
imagen1087,1
imagen1088,2
imagen1089,2
imagen1090,2
imagen1091,3
imagen1092,3
imagen1093,1
imagen1094,3
imagen1095,2
imagen1096,2
imagen1097,3
imagen1098,2
imagen1099,3
imagen1100,1
imagen1101,2
imagen1102,3
imagen1103,2
imagen1104,2
imagen1105,2
imagen1106,2
imagen1107,1
imagen1108,2
imagen1109,2
imagen1110,3
imagen1111,0
imagen1112,0
imagen1113,2
imagen1114,0
imagen1115,1
imagen1116,1
imagen1117,1
imagen1118,1
imagen1119,1
imagen1120,2
imagen1121,0
imagen1122,3
imagen1123,1
imagen1124,0
imagen1125,0
imagen1126,2
imagen1127,1
imagen1128,2
imagen1129,3
imagen1130,3
imagen1131,2
imagen1132,3
imagen1133,1
imagen1134,1
imagen1135,0
imagen1136,2
imagen1137,3
imagen1138,3
imagen1139,2
imagen1140,1
imagen1141,3
imagen1142,2
imagen1143,0
imagen1144,1
imagen1145,2
imagen1146,3
imagen1147,0
imagen1148,1
imagen1149,3
imagen1150,3
imagen1151,3
imagen1152,2
imagen1153,2
imagen1154,2
imagen1155,3
imagen1156,3
imagen1157,1
imagen1158,3
imagen1159,3
imagen1160,0
imagen1161,2
imagen1162,1
imagen1163,0
imagen1164,3
imagen1165,0
imagen1166,2
imagen1167,2
imagen1168,3
imagen1169,2
imagen1170,1
imagen1171,3
imagen1172,3
imagen1173,1
imagen1174,3
imagen1175,2
imagen1176,2
imagen1177,1
imagen1178,3
imagen1179,1
imagen1180,3
imagen1181,0
imagen1182,1
imagen1183,1
imagen1184,3
imagen1185,2
imagen1186,0
imagen1187,2
imagen1188,2
imagen1189,1
imagen1190,0
imagen1191,1
imagen1192,3
imagen1193,3
imagen1194,0
imagen1195,0
imagen1196,1
imagen1197,3
imagen1198,3
imagen1199,0
imagen1200,1
imagen1201,2
imagen1202,0
imagen1203,2
imagen1204,0
imagen1205,1
imagen1206,2
imagen1207,2
imagen1208,0
imagen1209,2
imagen1210,2
imagen1211,1
imagen1212,3
imagen1213,2
imagen1214,2
imagen1215,3
imagen1216,2
imagen1217,3
imagen1218,2
imagen1219,2
imagen1220,3
imagen1221,2
imagen1222,1
imagen1223,2
imagen1224,1
imagen1225,2
imagen1226,2
imagen1227,2
imagen1228,2
imagen1229,0
imagen1230,2
imagen1231,3
imagen1232,0
imagen1233,2
imagen1234,1
imagen1235,1
imagen1236,3
imagen1237,1
imagen1238,0
imagen1239,0
imagen1240,1
imagen1241,1
imagen1242,1
imagen1243,3
imagen1244,2
imagen1245,0
imagen1246,3
imagen1247,0
imagen1248,0
imagen1249,3
imagen1250,2
imagen1251,0
imagen1252,0
imagen1253,2
imagen1254,2
imagen1255,3
imagen1256,1
imagen1257,3
imagen1258,0
imagen1259,2
imagen1260,2
imagen1261,2
imagen1262,2
imagen1263,2
imagen1264,1
imagen1265,1
imagen1266,3
imagen1267,3
imagen1268,3
imagen1269,0
imagen1270,2
imagen1271,0
imagen1272,2
imagen1273,2
imagen1274,3
imagen1275,2
imagen1276,0
imagen1277,2
imagen1278,0
imagen1279,1
imagen1280,3
imagen1281,3
imagen1282,2
imagen1283,3
imagen1284,3
imagen1285,2
imagen1286,3
imagen1287,3
imagen1288,2
imagen1289,2
imagen1290,3
imagen1291,2
imagen1292,2
imagen1293,0
imagen1294,2
imagen1295,1
imagen1296,2
imagen1297,1
imagen1298,2
imagen1299,3
imagen1300,1
imagen1301,2
imagen1302,0
imagen1303,2
imagen1304,3
imagen1305,1
imagen1306,2
imagen1307,3
imagen1308,2
imagen1309,0
imagen1310,0
imagen1311,3
imagen1312,3
imagen1313,2
imagen1314,2
imagen1315,1
imagen1316,2
imagen1317,1
imagen1318,2
imagen1319,2
imagen1320,2
imagen1321,1
imagen1322,3
imagen1323,2
imagen1324,2
imagen1325,0
imagen1326,0
imagen1327,2
imagen1328,2
imagen1329,3
imagen1330,3
imagen1331,2
imagen1332,0
imagen1333,1
imagen1334,3
imagen1335,2
imagen1336,2
imagen1337,3
imagen1338,2
imagen1339,1
imagen1340,2
imagen1341,0
imagen1342,3
imagen1343,1
imagen1344,2
imagen1345,2
imagen1346,2
imagen1347,0
imagen1348,1
imagen1349,2
imagen1350,1
imagen1351,3
imagen1352,3
imagen1353,3
imagen1354,3
imagen1355,1
imagen1356,2
imagen1357,2
imagen1358,0
imagen1359,0
imagen1360,0
imagen1361,2
imagen1362,3
imagen1363,2
imagen1364,0
imagen1365,2
imagen1366,0
imagen1367,2
imagen1368,1
imagen1369,1
imagen1370,2
imagen1371,1
imagen1372,1
imagen1373,2
imagen1374,2
imagen1375,0
imagen1376,2
imagen1377,2
imagen1378,3
imagen1379,2
imagen1380,1
imagen1381,1
imagen1382,2
imagen1383,3
imagen1384,2
imagen1385,2
imagen1386,0
imagen1387,2
imagen1388,0
imagen1389,0
imagen1390,2
imagen1391,0
imagen1392,2
imagen1393,3
imagen1394,1
imagen1395,3
imagen1396,1
imagen1397,2
imagen1398,3
imagen1399,1
imagen1400,0
imagen1401,0
imagen1402,2
imagen1403,0
imagen1404,3
imagen1405,2
imagen1406,3
imagen1407,3
imagen1408,2
imagen1409,3
imagen1410,1
imagen1411,3
imagen1412,2
imagen1413,2
imagen1414,1
imagen1415,3
imagen1416,0
imagen1417,1
imagen1418,1
imagen1419,0
imagen1420,2
imagen1421,0
imagen1422,3
imagen1423,0
imagen1424,3
imagen1425,2
imagen1426,3
imagen1427,0
imagen1428,1
imagen1429,3
imagen1430,0
imagen1431,0
imagen1432,3
imagen1433,2
imagen1434,1
imagen1435,0
imagen1436,0
imagen1437,3
imagen1438,0
imagen1439,2
imagen1440,2
imagen1441,0
imagen1442,0
imagen1443,1
imagen1444,3
imagen1445,3
imagen1446,1
imagen1447,1
imagen1448,1
imagen1449,0
imagen1450,2
imagen1451,2
imagen1452,1
imagen1453,3
imagen1454,3
imagen1455,0
imagen1456,1
imagen1457,3
imagen1458,0
imagen1459,1
imagen1460,2
imagen1461,2
imagen1462,3
imagen1463,2
imagen1464,3
imagen1465,2
imagen1466,3
imagen1467,3
imagen1468,3
imagen1469,0
imagen1470,3
imagen1471,3
imagen1472,3
imagen1473,0
imagen1474,3
imagen1475,2
imagen1476,1
imagen1477,3
imagen1478,2
imagen1479,0
imagen1480,2
imagen1481,0
imagen1482,0
imagen1483,3
imagen1484,0
imagen1485,3
imagen1486,3
imagen1487,0
imagen1488,2
imagen1489,2
imagen1490,0
imagen1491,0
imagen1492,3
imagen1493,2
imagen1494,2
imagen1495,2
imagen1496,2
imagen1497,3
imagen1498,3
imagen1499,3
imagen1500,3
imagen1501,1
imagen1502,2
imagen1503,2
imagen1504,1
imagen1505,2
imagen1506,0
imagen1507,3
imagen1508,1
imagen1509,1
imagen1510,1
imagen1511,2
imagen1512,2
imagen1513,0
imagen1514,3
imagen1515,0
imagen1516,2
imagen1517,3
imagen1518,1
imagen1519,0
imagen1520,2
imagen1521,1
imagen1522,3
imagen1523,2
imagen1524,0
imagen1525,3
imagen1526,2
imagen1527,2
imagen1528,0
imagen1529,1
imagen1530,1
imagen1531,0
imagen1532,0
imagen1533,2
imagen1534,3
imagen1535,0
imagen1536,1
imagen1537,3
imagen1538,2
imagen1539,1
imagen1540,3
imagen1541,0
imagen1542,2
imagen1543,0
imagen1544,2
imagen1545,1
imagen1546,0
imagen1547,2
imagen1548,2
imagen1549,2
imagen1550,3
imagen1551,1
imagen1552,3
imagen1553,1
imagen1554,3
imagen1555,2
imagen1556,0
imagen1557,2
imagen1558,1
imagen1559,1
imagen1560,0
imagen1561,3
imagen1562,2
imagen1563,0
imagen1564,2
imagen1565,2
